category,task_count_full,pct_of_tasks,exp_at_N100,exp_at_N250,exp_at_N500,exp_at_N1000,exp_at_N2000,exp_at_N3000,exp_at_N5000,exp_at_N7523
Include / Avoid,5094,67.7,68,169,339,677,1354,2031,3386,5094
Format and Structure,2566,34.1,34,85,171,341,682,1023,1705,2566
Focus / Emphasis,2079,27.6,28,69,138,276,553,829,1382,2079
Length,1987,26.4,26,66,132,264,528,792,1321,1987
Style and Tone,1811,24.1,24,60,120,241,481,722,1204,1811
Persona and Role,1392,18.5,19,46,93,185,370,555,925,1392
Ensure Quality,1175,15.6,16,39,78,156,312,469,781,1175
Editing,642,8.5,9,21,43,85,171,256,427,642
Other,1267,16.8,17,42,84,168,337,505,842,1267
